observation_id,source_id,source_metric_code,source_metric_label,metric_family,stage2_project_metric,harmonization_action,harmonized_metric,semantic_eligibility,semantic_flags,value_provenance,temporal_evidence_status,earnings_layer,working_time_basis,distance_basis,cost_boundary,rationale
SRC010-O001,SRC010,source_reported_daily_income_unspecified_layer,Berapa banyak penghasilan yang didapatkan dengan menjadi mitra pengemudi/pengiriman dalam satu hari?,earnings,,retain_source_defined_metric,,source_defined_only,earnings_layer_requires_source_definition | retrospective_recall,source_reported,retrospective_recall,unspecified,,,,No defensible locked project-metric mapping is available; the source-defined metric is preserved.
SRC010-O002,SRC010,source_reported_daily_income_unspecified_layer,Berapa banyak penghasilan yang didapatkan dengan menjadi mitra pengemudi/pengiriman dalam satu hari?,earnings,,retain_source_defined_metric,,source_defined_only,earnings_layer_requires_source_definition | retrospective_recall,source_reported,retrospective_recall,unspecified,,,,No defensible locked project-metric mapping is available; the source-defined metric is preserved.
SRC010-O003,SRC010,source_reported_daily_income_unspecified_layer,Berapa banyak penghasilan yang didapatkan dengan menjadi mitra pengemudi/pengiriman dalam satu hari?,earnings,,retain_source_defined_metric,,source_defined_only,earnings_layer_requires_source_definition | retrospective_recall,source_reported,retrospective_recall,unspecified,,,,No defensible locked project-metric mapping is available; the source-defined metric is preserved.
SRC010-O004,SRC010,source_reported_daily_income_unspecified_layer,Berapa banyak penghasilan yang didapatkan dengan menjadi mitra pengemudi/pengiriman dalam satu hari?,earnings,,retain_source_defined_metric,,source_defined_only,earnings_layer_requires_source_definition | retrospective_recall,source_reported,retrospective_recall,unspecified,,,,No defensible locked project-metric mapping is available; the source-defined metric is preserved.
SRC010-O005,SRC010,source_reported_daily_income_unspecified_layer,Berapa banyak penghasilan yang didapatkan dengan menjadi mitra pengemudi/pengiriman dalam satu hari?,earnings,,retain_source_defined_metric,,source_defined_only,earnings_layer_requires_source_definition | retrospective_recall,source_reported,retrospective_recall,unspecified,,,,No defensible locked project-metric mapping is available; the source-defined metric is preserved.
SRC010-O006,SRC010,source_reported_daily_income_unspecified_layer,Berapa banyak penghasilan yang didapatkan dengan menjadi mitra pengemudi/pengiriman dalam satu hari?,earnings,,retain_source_defined_metric,,source_defined_only,earnings_layer_requires_source_definition | retrospective_recall,source_reported,retrospective_recall,unspecified,,,,No defensible locked project-metric mapping is available; the source-defined metric is preserved.
SRC010-O007,SRC010,source_reported_daily_income_unspecified_layer,Berapa banyak penghasilan yang didapatkan dengan menjadi mitra pengemudi/pengiriman dalam satu hari?,earnings,,retain_source_defined_metric,,source_defined_only,earnings_layer_requires_source_definition | retrospective_recall,source_reported,retrospective_recall,unspecified,,,,No defensible locked project-metric mapping is available; the source-defined metric is preserved.
SRC010-O008,SRC010,source_reported_daily_income_unspecified_layer,Berapa banyak penghasilan yang didapatkan dengan menjadi mitra pengemudi/pengiriman dalam satu hari?,earnings,,retain_source_defined_metric,,source_defined_only,earnings_layer_requires_source_definition | retrospective_recall,source_reported,retrospective_recall,unspecified,,,,No defensible locked project-metric mapping is available; the source-defined metric is preserved.
SRC010-O009,SRC010,source_reported_daily_income_unspecified_layer,Berapa banyak penghasilan yang didapatkan dengan menjadi mitra pengemudi/pengiriman dalam satu hari?,earnings,,retain_source_defined_metric,,source_defined_only,earnings_layer_requires_source_definition | retrospective_recall,source_reported,retrospective_recall,unspecified,,,,No defensible locked project-metric mapping is available; the source-defined metric is preserved.
SRC010-O010,SRC010,source_reported_daily_income_unspecified_layer,Berapa banyak penghasilan yang didapatkan dengan menjadi mitra pengemudi/pengiriman dalam satu hari?,earnings,,retain_source_defined_metric,,source_defined_only,earnings_layer_requires_source_definition | retrospective_recall,source_reported,retrospective_recall,unspecified,,,,No defensible locked project-metric mapping is available; the source-defined metric is preserved.
SRC010-O011,SRC010,source_reported_daily_income_unspecified_layer,Berapa banyak penghasilan yang didapatkan dengan menjadi mitra pengemudi/pengiriman dalam satu hari?,earnings,,retain_source_defined_metric,,source_defined_only,earnings_layer_requires_source_definition | retrospective_recall,source_reported,retrospective_recall,unspecified,,,,No defensible locked project-metric mapping is available; the source-defined metric is preserved.
SRC010-O012,SRC010,source_reported_daily_income_unspecified_layer,Berapa banyak penghasilan yang didapatkan dengan menjadi mitra pengemudi/pengiriman dalam satu hari?,earnings,,retain_source_defined_metric,,source_defined_only,earnings_layer_requires_source_definition | retrospective_recall,source_reported,retrospective_recall,unspecified,,,,No defensible locked project-metric mapping is available; the source-defined metric is preserved.
SRC010-O013,SRC010,source_reported_daily_income_unspecified_layer,Berapa banyak penghasilan yang didapatkan dengan menjadi mitra pengemudi/pengiriman dalam satu hari?,earnings,,retain_source_defined_metric,,source_defined_only,earnings_layer_requires_source_definition,source_reported,contemporaneous,unspecified,,,,No defensible locked project-metric mapping is available; the source-defined metric is preserved.
SRC010-O014,SRC010,source_reported_daily_income_unspecified_layer,Berapa banyak penghasilan yang didapatkan dengan menjadi mitra pengemudi/pengiriman dalam satu hari?,earnings,,retain_source_defined_metric,,source_defined_only,earnings_layer_requires_source_definition,source_reported,contemporaneous,unspecified,,,,No defensible locked project-metric mapping is available; the source-defined metric is preserved.
SRC010-O015,SRC010,source_reported_daily_income_unspecified_layer,Berapa banyak penghasilan yang didapatkan dengan menjadi mitra pengemudi/pengiriman dalam satu hari?,earnings,,retain_source_defined_metric,,source_defined_only,earnings_layer_requires_source_definition,source_reported,contemporaneous,unspecified,,,,No defensible locked project-metric mapping is available; the source-defined metric is preserved.
SRC010-O016,SRC010,source_reported_daily_income_unspecified_layer,Berapa banyak penghasilan yang didapatkan dengan menjadi mitra pengemudi/pengiriman dalam satu hari?,earnings,,retain_source_defined_metric,,source_defined_only,earnings_layer_requires_source_definition,source_reported,contemporaneous,unspecified,,,,No defensible locked project-metric mapping is available; the source-defined metric is preserved.
SRC010-O017,SRC010,source_reported_daily_income_unspecified_layer,Berapa banyak penghasilan yang didapatkan dengan menjadi mitra pengemudi/pengiriman dalam satu hari?,earnings,,retain_source_defined_metric,,source_defined_only,earnings_layer_requires_source_definition,source_reported,contemporaneous,unspecified,,,,No defensible locked project-metric mapping is available; the source-defined metric is preserved.
SRC010-O018,SRC010,source_reported_daily_income_unspecified_layer,Berapa banyak penghasilan yang didapatkan dengan menjadi mitra pengemudi/pengiriman dalam satu hari?,earnings,,retain_source_defined_metric,,source_defined_only,earnings_layer_requires_source_definition,source_reported,contemporaneous,unspecified,,,,No defensible locked project-metric mapping is available; the source-defined metric is preserved.
SRC013-O001,SRC013,explicit_gross_driver_earnings,Rerata pendapatan kotor harian ojol,earnings,driver_gross_service_earnings,retain_locked_project_metric,driver_gross_service_earnings,eligible_as_mapped,,source_reported,contemporaneous,gross_service_earnings,,,,"The locked project metric is retained without changing source value, unit, basis, provenance, or scope."
SRC013-O002,SRC013,fuel_food_daily_cost_bundle,Rerata biaya operasional harian: bensin dan makan-minum,operating_cost,,retain_source_defined_metric,,source_defined_only,mixed_work_personal_cost_boundary,source_reported,contemporaneous,,,,mixed_work_personal,No defensible locked project-metric mapping is available; the source-defined metric is preserved.
SRC013-O003,SRC013,fuel_food_cost_share_of_gross,Biaya operasional harian sebagai persentase pendapatan kotor harian,operating_cost,,retain_source_defined_metric,,source_defined_only,mixed_work_personal_cost_boundary,source_reported,contemporaneous,,,,mixed_work_personal,No defensible locked project-metric mapping is available; the source-defined metric is preserved.
SRC013-O004,SRC013,source_defined_net_after_mixed_cost_bundle,Pendapatan bersih ojol per bulan,earnings,,retain_source_defined_metric,,source_defined_only,earnings_layer_requires_source_definition | mixed_work_personal_cost_boundary,source_reported,contemporaneous,source_defined_net,,,mixed_work_personal,No defensible locked project-metric mapping is available; the source-defined metric is preserved.
SRC013-O005,SRC013,driver_reported_deduction_rate_category,Ojol reporting application deduction of 20% deduction,deduction,,retain_source_defined_metric,,source_defined_only,driver_reported_deduction_not_realized,source_reported,contemporaneous,,,,,No defensible locked project-metric mapping is available; the source-defined metric is preserved.
SRC013-O006,SRC013,driver_reported_deduction_rate_category,Ojol reporting application deduction of 25-30% deduction,deduction,,retain_source_defined_metric,,source_defined_only,driver_reported_deduction_not_realized,source_reported,contemporaneous,,,,,No defensible locked project-metric mapping is available; the source-defined metric is preserved.
SRC013-O007,SRC013,bonus_program_reported_available,Aplikator masih memberi bonus (reward/poin),incentive,,retain_source_defined_metric,,source_defined_only,,source_reported,contemporaneous,,,,,No defensible locked project-metric mapping is available; the source-defined metric is preserved.
SRC013-O008,SRC013,bonus_receipt_frequency,Frequency of receiving bonus among respondents reporting a bonus program,incentive,,retain_source_defined_metric,,source_defined_only,,source_reported,contemporaneous,,,,,No defensible locked project-metric mapping is available; the source-defined metric is preserved.
SRC013-O009,SRC013,bonus_receipt_frequency,Frequency of receiving bonus among respondents reporting a bonus program,incentive,,retain_source_defined_metric,,source_defined_only,,source_reported,contemporaneous,,,,,No defensible locked project-metric mapping is available; the source-defined metric is preserved.
SRC013-O010,SRC013,bonus_receipt_frequency,Respondents able to receive bonus every day,incentive,,retain_source_defined_metric,,source_defined_only,,source_reported,contemporaneous,,,,,No defensible locked project-metric mapping is available; the source-defined metric is preserved.
SRC013-O011,SRC013,completed_orders_per_day,Jumlah order yang diselesaikan per hari,activity,order_count,retain_locked_project_metric,order_count,eligible_as_mapped,,source_reported,contemporaneous,,,,,"The locked project metric is retained without changing source value, unit, basis, provenance, or scope."
SRC013-O012,SRC013,completed_orders_per_day,Jumlah order yang diselesaikan per hari,activity,order_count,retain_locked_project_metric,order_count,eligible_as_mapped,,source_reported,contemporaneous,,,,,"The locked project metric is retained without changing source value, unit, basis, provenance, or scope."
SRC013-O013,SRC013,completed_orders_per_day,Jumlah order yang diselesaikan per hari,activity,order_count,retain_locked_project_metric,order_count,eligible_as_mapped,,source_reported,contemporaneous,,,,,"The locked project metric is retained without changing source value, unit, basis, provenance, or scope."
SRC013-O014,SRC013,daily_distance_source_reported,Jarak tempuh per hari,activity,,retain_source_defined_metric,,source_defined_only,distance_basis_source_reported,source_reported,contemporaneous,,,source_reported_unspecified,,No defensible locked project-metric mapping is available; the source-defined metric is preserved.
SRC013-O015,SRC013,daily_distance_source_reported,Jarak tempuh per hari,activity,,retain_source_defined_metric,,source_defined_only,distance_basis_source_reported,source_reported,contemporaneous,,,source_reported_unspecified,,No defensible locked project-metric mapping is available; the source-defined metric is preserved.
SRC013-O016,SRC013,daily_distance_source_reported,Jarak tempuh per hari,activity,,retain_source_defined_metric,,source_defined_only,distance_basis_source_reported,source_reported,contemporaneous,,,source_reported_unspecified,,No defensible locked project-metric mapping is available; the source-defined metric is preserved.
SRC013-O017,SRC013,generic_working_hours,Waktu kerja 9-12 jam per hari,activity,working_hours_source_reported,retain_locked_project_metric,working_hours_source_reported,eligible_with_semantic_caveat,working_time_basis_source_reported,source_reported,contemporaneous,,source_reported_unspecified,,,"The locked project metric is retained without changing source value, unit, basis, provenance, or scope."
SRC013-O018,SRC013,workdays_per_week,7 hari kerja tanpa libur,activity,,retain_source_defined_metric,,source_defined_only,,source_reported,contemporaneous,,,,,No defensible locked project-metric mapping is available; the source-defined metric is preserved.
SRC017-O001,SRC017,promo_impact_perception,Persepsi dampak promo terhadap kondisi kerja pengemudi,context,,retain_context_only,,context_only,contextual_perception_or_preference,source_reported,reference_period,,,,,The observation remains contextual and is not converted into a project unit-economics metric.
SRC017-O002,SRC017,promo_impact_perception,Persepsi dampak promo terhadap kondisi kerja pengemudi,context,,retain_context_only,,context_only,contextual_perception_or_preference,source_reported,reference_period,,,,,The observation remains contextual and is not converted into a project unit-economics metric.
SRC017-O003,SRC017,platform_loyalty_reason,Reasons for driver loyalty to an application when commission is a consideration,context,,retain_context_only,,context_only,contextual_perception_or_preference,source_reported,reference_period,,,,,The observation remains contextual and is not converted into a project unit-economics metric.
SRC017-O004,SRC017,platform_loyalty_reason,Reasons for driver loyalty to an application when commission is a consideration,context,,retain_context_only,,context_only,contextual_perception_or_preference,source_reported,reference_period,,,,,The observation remains contextual and is not converted into a project unit-economics metric.
SRC017-O005,SRC017,platform_loyalty_reason,Reasons for driver loyalty to an application when commission is a consideration,context,,retain_context_only,,context_only,contextual_perception_or_preference,source_reported,reference_period,,,,,The observation remains contextual and is not converted into a project unit-economics metric.
SRC017-O006,SRC017,platform_loyalty_reason,Reasons for driver loyalty to an application when commission is a consideration,context,,retain_context_only,,context_only,contextual_perception_or_preference,source_reported,reference_period,,,,,The observation remains contextual and is not converted into a project unit-economics metric.
SRC017-O007,SRC017,commission_platform_preference,Drivers preferring an app with 20 percent commission over an app with 10 percent commission,context,,retain_context_only,,context_only,contextual_perception_or_preference,source_reported,reference_period,,,,,The observation remains contextual and is not converted into a project unit-economics metric.
SRC017-O008,SRC017,commission_service_difference_perception,Perceived difference in treatment/service between applications with different commission levels,context,,retain_context_only,,context_only,contextual_perception_or_preference,source_reported,reference_period,,,,,The observation remains contextual and is not converted into a project unit-economics metric.
SRC017-O009,SRC017,commission_service_difference_perception,Perceived difference in treatment/service between applications with different commission levels,context,,retain_context_only,,context_only,contextual_perception_or_preference,source_reported,reference_period,,,,,The observation remains contextual and is not converted into a project unit-economics metric.
SRC017-O010,SRC017,commission_service_difference_perception,Perceived difference in treatment/service between applications with different commission levels,context,,retain_context_only,,context_only,contextual_perception_or_preference,source_reported,reference_period,,,,,The observation remains contextual and is not converted into a project unit-economics metric.
SRC017-O011,SRC017,commission_service_difference_perception,Perceived difference in treatment/service between applications with different commission levels,context,,retain_context_only,,context_only,contextual_perception_or_preference,source_reported,reference_period,,,,,The observation remains contextual and is not converted into a project unit-economics metric.
SRC017-O012,SRC017,bonus_receipt_experience,Pengalaman pengemudi dalam menerima insentif atau bonus,incentive,,retain_source_defined_metric,,source_defined_only,,source_reported,reference_period,,,,,No defensible locked project-metric mapping is available; the source-defined metric is preserved.
SRC017-O013,SRC017,bonus_receipt_experience,Pengalaman pengemudi dalam menerima insentif atau bonus,incentive,,retain_source_defined_metric,,source_defined_only,,source_reported,reference_period,,,,,No defensible locked project-metric mapping is available; the source-defined metric is preserved.
SRC017-O014,SRC017,perceived_difference_reason,Reasons among drivers perceiving different treatment/service,context,,retain_context_only,,context_only,contextual_perception_or_preference,source_reported,reference_period,,,,,The observation remains contextual and is not converted into a project unit-economics metric.
SRC017-O015,SRC017,perceived_difference_reason,Reasons among drivers perceiving different treatment/service,context,,retain_context_only,,context_only,contextual_perception_or_preference,source_reported,reference_period,,,,,The observation remains contextual and is not converted into a project unit-economics metric.
SRC017-O016,SRC017,perceived_difference_reason,Reasons among drivers perceiving different treatment/service,context,,retain_context_only,,context_only,contextual_perception_or_preference,source_reported,reference_period,,,,,The observation remains contextual and is not converted into a project unit-economics metric.
SRC029-O001,SRC029,explicit_gross_driver_earnings,Rerata pendapatan kotor harian ojek daring pada 2022-2023,earnings,driver_gross_service_earnings,retain_locked_project_metric,driver_gross_service_earnings,eligible_as_mapped,,source_reported,contemporaneous,gross_service_earnings,,,,"The locked project metric is retained without changing source value, unit, basis, provenance, or scope."
SRC029-O002,SRC029,explicit_gross_driver_earnings_recalled,Pre-pandemic recalled gross daily earnings,earnings,driver_gross_service_earnings,retain_locked_project_metric,driver_gross_service_earnings,eligible_with_semantic_caveat,retrospective_recall,source_reported,retrospective_recall,gross_service_earnings,,,,"The locked project metric is retained without changing source value, unit, basis, provenance, or scope."
SRC029-O003,SRC029,explicit_gross_driver_earnings_recalled,Pandemic recalled gross daily earnings,earnings,driver_gross_service_earnings,retain_locked_project_metric,driver_gross_service_earnings,eligible_with_semantic_caveat,retrospective_recall,source_reported,retrospective_recall,gross_service_earnings,,,,"The locked project metric is retained without changing source value, unit, basis, provenance, or scope."
SRC029-O004,SRC029,explicit_gross_driver_earnings_recalled,Post-pandemic recalled gross daily earnings among longer-tenure drivers,earnings,driver_gross_service_earnings,retain_locked_project_metric,driver_gross_service_earnings,eligible_with_semantic_caveat,retrospective_recall,source_reported,retrospective_recall,gross_service_earnings,,,,"The locked project metric is retained without changing source value, unit, basis, provenance, or scope."
SRC029-O005,SRC029,fuel_food_daily_cost_bundle,Rerata beban operasional harian: bahan bakar dan makan-minum,operating_cost,,retain_source_defined_metric,,source_defined_only,mixed_work_personal_cost_boundary,source_reported,contemporaneous,,,,mixed_work_personal,No defensible locked project-metric mapping is available; the source-defined metric is preserved.
SRC029-O006,SRC029,fuel_food_cost_share_of_gross,Beban operasional harian sebagai persentase pendapatan kotor harian,operating_cost,,retain_source_defined_metric,,source_defined_only,mixed_work_personal_cost_boundary,source_reported,contemporaneous,,,,mixed_work_personal,No defensible locked project-metric mapping is available; the source-defined metric is preserved.
SRC029-O007,SRC029,completed_orders_per_day,Rerata order diselesaikan per hari,activity,order_count,retain_locked_project_metric,order_count,eligible_as_mapped,,source_reported,contemporaneous,,,,,"The locked project metric is retained without changing source value, unit, basis, provenance, or scope."
SRC029-O008,SRC029,daily_distance_source_reported,Rerata jarak tempuh per hari,activity,,retain_source_defined_metric,,source_defined_only,distance_basis_source_reported,source_reported,contemporaneous,,,source_reported_unspecified,,No defensible locked project-metric mapping is available; the source-defined metric is preserved.
SRC029-O009,SRC029,generic_working_hours,Rerata waktu kerja per hari,activity,working_hours_source_reported,retain_locked_project_metric,working_hours_source_reported,eligible_with_semantic_caveat,working_time_basis_source_reported,source_reported,contemporaneous,,source_reported_unspecified,,,"The locked project metric is retained without changing source value, unit, basis, provenance, or scope."
SRC029-O010,SRC029,driver_reported_deduction_rate_category,Respondents reporting application deduction reaching 20 percent,deduction,,retain_source_defined_metric,,source_defined_only,driver_reported_deduction_not_realized,source_reported,contemporaneous,,,,,No defensible locked project-metric mapping is available; the source-defined metric is preserved.
SRC029-O011,SRC029,generic_working_hours,Respondents working 9-16 hours per day,activity,working_hours_source_reported,retain_locked_project_metric,working_hours_source_reported,eligible_with_semantic_caveat,working_time_basis_source_reported,source_reported,contemporaneous,,source_reported_unspecified,,,"The locked project metric is retained without changing source value, unit, basis, provenance, or scope."
SRC029-O012,SRC029,workdays_per_week,6-7 workdays/week,activity,,retain_source_defined_metric,,source_defined_only,,source_reported,contemporaneous,,,,,No defensible locked project-metric mapping is available; the source-defined metric is preserved.
SRC029-O013,SRC029,workdays_per_week,7 workdays/week,activity,,retain_source_defined_metric,,source_defined_only,,source_reported,contemporaneous,,,,,No defensible locked project-metric mapping is available; the source-defined metric is preserved.
SRC029-O014,SRC029,generic_working_hours,Respondents working 61-112 hours per week,activity,working_hours_source_reported,retain_locked_project_metric,working_hours_source_reported,eligible_with_semantic_caveat,working_time_basis_source_reported,source_reported,contemporaneous,,source_reported_unspecified,,,"The locked project metric is retained without changing source value, unit, basis, provenance, or scope."
SRC030-O001,SRC030,source_defined_net_income_unspecified_cost_basis,"Pendapatan bersih rata-rata per hari below Rp100,000",earnings,,retain_source_defined_metric,,source_defined_only,earnings_layer_requires_source_definition,source_reported,contemporaneous,source_defined_net,,,unknown,No defensible locked project-metric mapping is available; the source-defined metric is preserved.
SRC030-O002,SRC030,generic_working_hours,Respondents working more than 8 hours per day,activity,working_hours_source_reported,retain_locked_project_metric,working_hours_source_reported,eligible_with_semantic_caveat,working_time_basis_source_reported,source_reported,contemporaneous,,source_reported_unspecified,,,"The locked project metric is retained without changing source value, unit, basis, provenance, or scope."
SRC030-O003,SRC030,generic_working_hours,Respondents spending 12 hours working per day,activity,working_hours_source_reported,retain_locked_project_metric,working_hours_source_reported,eligible_with_semantic_caveat,working_time_basis_source_reported,source_reported,contemporaneous,,source_reported_unspecified,,,"The locked project metric is retained without changing source value, unit, basis, provenance, or scope."
SRC030-O004,SRC030,workdays_per_week,>5 workdays/week,activity,,retain_source_defined_metric,,source_defined_only,,source_reported,contemporaneous,,,,,No defensible locked project-metric mapping is available; the source-defined metric is preserved.
SRC030-O005,SRC030,workdays_per_week,7 workdays/week,activity,,retain_source_defined_metric,,source_defined_only,,source_reported,contemporaneous,,,,,No defensible locked project-metric mapping is available; the source-defined metric is preserved.
SRC030-O006,SRC030,generic_working_hours,Respondents working more than 60 hours per week,activity,working_hours_source_reported,retain_locked_project_metric,working_hours_source_reported,eligible_with_semantic_caveat,working_time_basis_source_reported,source_reported,contemporaneous,,source_reported_unspecified,,,"The locked project metric is retained without changing source value, unit, basis, provenance, or scope."
