comparison_id,comparison_use,metric_concept,source_ids,observation_ids,comparability_status,required_transformation,critical_caveats,allowed_use,prohibited_use,rationale
S2C001,cross_period_gross_daily_earnings,explicit gross driver earnings,SRC013;SRC029,SRC029-O001;SRC013-O001,comparable_with_transformation,Inflation-adjust nominal IDR/day to a common price period using geographically compatible CPI where defensible.,The 2023 observation is a Jabodetabek purposive sample; the 2025 observation has broader purposive coverage with an internal 62/67-locality discrepancy. Sampling frames and geography differ.,Caveated comparison of source-sample gross daily earnings after documented inflation treatment.,National trend inference; direct welfare conclusion; unadjusted nominal level comparison.,"Economic concept and daily time basis align, but monetary periods differ and sample/geography are not equivalent."
S2C002,within_src029_recalled_gross_trajectory,recalled explicit gross driver earnings,SRC029,SRC029-O002;SRC029-O003;SRC029-O004,comparable_with_transformation,Inflation-adjust recalled nominal IDR/day values to a common price period if level comparison is performed.,All values are retrospective recall from longer-tenure respondents interviewed in 2023; they are not independent historical survey waves.,Caveated within-source recalled trajectory or sensitivity context.,"Treating 2018-2019, 2020-2021, and 2022-2023 as repeated cross-sections or panel waves.","Source question and subgroup lineage are common, but recall and nominal monetary periods prevent direct historical-wave comparison."
S2C003,within_src010_income_distribution_over_time,source-defined daily income distribution,SRC010,SRC010-O001;SRC010-O002;SRC010-O003;SRC010-O004;SRC010-O005;SRC010-O006;SRC010-O007;SRC010-O008;SRC010-O009;SRC010-O010;SRC010-O011;SRC010-O012;SRC010-O013;SRC010-O014;SRC010-O015;SRC010-O016;SRC010-O017;SRC010-O018,comparable_with_caveat,None in Stage 2; nominal bracket thresholds cannot be converted to real-income brackets without microdata.,Income layer is unspecified; pre-pandemic and pandemic values are retrospective recall; fixed nominal brackets do not represent constant purchasing-power thresholds.,Within-source comparison of reported nominal income-category distributions with explicit recall and bracket caveats.,Mapping to gross/net earnings; real-income distribution comparison; independent-wave interpretation.,"The category structure is consistent within SRC010, but semantic and temporal limitations remain material."
S2C004,src010_vs_explicit_gross_earnings,daily income versus explicit gross earnings,SRC010;SRC013;SRC029,SRC010-O013;SRC010-O014;SRC010-O015;SRC010-O016;SRC013-O001;SRC029-O001,not_comparable,Not applicable.,SRC010 income layer is unspecified and reported as a distribution; IDEAS observations are explicit gross means.,Separate source-specific description only.,Numerical gross-earnings comparison or pooled estimate.,Economic layer and statistic type do not match.
S2C005,cross_period_mixed_daily_cost_amount,fuel plus food/drink daily cost bundle,SRC013;SRC029,SRC029-O005;SRC013-O002,comparable_with_transformation,Inflation-adjust nominal IDR/day to a common price period if comparing amounts.,"The bundle includes food/drink, which is outside project operating costs; geography and purposive sample coverage differ.",Caveated comparison of the source-defined mixed bundle after inflation treatment.,Treating the bundle as project operating cost or using it directly for project net operating earnings.,"Source-defined bundle and daily mean basis are similar, but monetary period and sample/geography require treatment and caveats."
S2C006,cross_period_mixed_cost_share,fuel plus food/drink share of gross earnings,SRC013;SRC029,SRC029-O006;SRC013-O003,comparable_with_caveat,None required for the reported percentage itself.,The source-defined bundle includes personal food/drink; geography and purposive sample coverage differ.,Caveated comparison of the source-defined bundle-to-gross ratio.,Calling the percentage project operating-cost share or applying it outside the source-defined bundle.,"The ratio concept is aligned within the IDEAS source family, but cost-boundary and sample differences remain."
S2C007,seven_day_workweek_prevalence,share reporting exactly 7 workdays/week,SRC013;SRC029;SRC030,SRC030-O005;SRC029-O013;SRC013-O018,comparable_with_caveat,None.,The 2020 and 2023 observations are Jabodetabek purposive samples; 2025 has broader purposive coverage. Survey periods and respondent composition differ.,Sample-level descriptive comparison of exact seven-day workweek prevalence.,National prevalence trend or causal interpretation.,"Category, time basis, unit, vehicle universe, and broad work concept align, but sample and geography do not."
S2C008,reported_twenty_percent_deduction_prevalence,share reporting a 20% application deduction,SRC013;SRC029,SRC029-O010;SRC013-O005,comparable_with_caveat,None.,"Driver-reported categories are not transaction-level realized deductions; geography, period, and purposive samples differ.",Sample-level comparison of reported 20% deduction prevalence.,Realized commission rate comparison; legal-compliance conclusion; transaction-level deduction estimate.,"The reported category is similar across the two IDEAS surveys, but evidence layer and sample scope constrain interpretation."
S2C009,working_hours_mean_vs_distribution,source-reported working time,SRC013;SRC029;SRC030,SRC029-O009;SRC013-O017;SRC030-O002;SRC030-O003,not_comparable,Not applicable.,One source reports a mean while others report nonmatching distribution thresholds; all are generic source-reported working time rather than proven online/productive hours.,Separate source-specific description.,Pooled mean working hours or direct prevalence comparison across nonmatching thresholds.,Statistic type and threshold definitions differ materially.
S2C010,working_hours_distribution_context,long-working-time prevalence,SRC013;SRC029;SRC030,SRC030-O002;SRC030-O003;SRC029-O011;SRC029-O014;SRC013-O017,context_only,None.,"Thresholds differ (>8, 12, 9-16, 61-112/week, 9-12/day); daily and weekly bases differ; samples and geographies differ.",Qualitative context that long source-reported working-time schedules appear in multiple studies.,Exact cross-source prevalence ranking or pooled percentage.,The observations address related workload concepts but are not numerically aligned.
S2C011,orders_per_day_cross_source,completed orders per day,SRC013;SRC029,SRC029-O007;SRC013-O011;SRC013-O012;SRC013-O013,not_comparable,Not applicable.,SRC029 reports a mean; SRC013 reports selected brackets and does not provide complete microdata for mean reconstruction.,Separate source-specific workload description.,Direct mean comparison or reconstructed mean from incomplete bracket shares.,Statistic types and available distribution detail are incompatible.
S2C012,distance_per_day_cross_source,source-reported daily distance,SRC013;SRC029,SRC029-O008;SRC013-O014;SRC013-O015;SRC013-O016,not_comparable,Not applicable.,SRC029 reports a mean; SRC013 reports selected brackets; distance basis is unresolved as paid-trip versus total work-related distance.,Separate source-specific distance description with basis caveat.,Fuel-cost allocation using these values as total work distance; direct mean comparison.,Statistic type differs and the distance concept is not sufficiently resolved.
S2C013,source_defined_net_income_cross_source,source-defined net income,SRC013;SRC030,SRC030-O001;SRC013-O004,not_comparable,Not applicable.,SRC030 cost basis is unresolved; SRC013 net subtracts a mixed fuel-plus-food/drink bundle; one is a daily distribution and the other a monthly source estimate.,Separate description of each source-defined net concept.,Project net operating earnings comparison or time-basis conversion as if definitions matched.,"Cost boundaries, statistic types, and time bases are materially different."
S2C014,bonus_evidence_cross_source,bonus/incentive availability and receipt experience,SRC013;SRC017,SRC013-O007;SRC013-O008;SRC013-O009;SRC013-O010;SRC017-O012;SRC017-O013,not_comparable,Not applicable.,SRC013 measures program availability and receipt frequency; SRC017 measures ever/never receipt experience. Denominators also differ or are unresolved.,Separate source-specific incentive context.,Direct bonus-prevalence comparison or monetary incentive inference.,The survey questions measure different incentive concepts.
S2C015,commission_perception_vs_reported_deduction,commission preference/perception versus driver-reported deduction,SRC013;SRC017;SRC029,SRC017-O007;SRC017-O008;SRC017-O009;SRC017-O010;SRC017-O011;SRC029-O010;SRC013-O005;SRC013-O006,context_only,None.,SRC017 contains stated preference/perception; SRC013/SRC029 contain driver-reported deduction categories; none are matched transaction evidence.,Contextual comparison of evidence layers while keeping them separate.,Converting preferences or perceptions into realized deduction estimates.,"Related commission topics exist, but evidence types are not interchangeable."
S2C016,project_net_operating_earnings_reconstruction,gross earnings plus available cost evidence,SRC013;SRC029,SRC029-O001;SRC029-O005;SRC013-O001;SRC013-O002;SRC013-O004,not_comparable,Not applicable in Stage 2.,Available cost observations are mixed fuel-plus-food/drink bundles and the same-observation chain does not include complete operating costs and realized deductions.,Evidence-gap documentation only.,Constructing project net operating earnings from these components.,The project accounting chain is incomplete and the cost boundary is incompatible with project net operating earnings.
S2C017,regulatory_or_platform_policy_vs_realized_deduction,normative/platform policy versus driver deduction evidence,SRC013;SRC029,SRC029-O010;SRC013-O005;SRC013-O006,context_only,Scope and effective-date matching would be required in later regulatory reconciliation.,Standardized driver evidence is self-reported; Stage 2 reference inputs are normative/platform-stated rather than matched realized transactions.,Layered regulatory context and later reconciliation with explicit evidence labels.,Legal compliance conclusion or assumption that ceilings/stated rates equal realized deductions.,"Normative, company-stated, and driver-reported evidence answer different questions."
