assessment_id,source_id,intended_use,evidence_class,comparability_status,assessment_status,rationale
ASM001,SRC001,define safety and regulated cost-structure concepts,normative_legal,context_only,usable,"Primary legal text; suitable for legal and cost-structure context, not realized driver economics."
ASM002,SRC002,define 2022 tariff-zone regime,normative_legal,directly_comparable,usable_with_period_binding,Primary legal text for the 2022 passenger-motorcycle tariff regime.
ASM003,SRC003,define application-use/support-fee regulatory reference from 2022-11-22,normative_legal,directly_comparable,usable_with_scope_binding,JDIH provides the normative benchmark within covered passenger-motorcycle scope; normative ceilings remain distinct from observed deductions.
ASM004,SRC004,support May 2026 policy-announcement chronology,official_implementation_statement,context_only,usable_with_status_caveat,Official presidential communication establishes an announcement layer but not complete operative legal text.
ASM005,SRC005,support planned 8% implementation chronology for named two-wheel passenger services,official_implementation_statement,context_only,usable_with_scope_caveat,Official DPR communication is implementation evidence rather than transaction evidence.
ASM006,SRC006,support August 2026 regulatory-status reconciliation,official_status_update,context_only,usable,Official status update demonstrates continuing finalization/harmonization for broader service scope.
ASM007,SRC007,treat KP-PHB 532/2026 as authoritative legal fee rule,normative_legal_candidate,not_comparable,not_yet_eligible_primary_text_missing,Multiple sources corroborate references to KP-PHB 532/2026 but the primary legal text and full scope/calculation base remain unverified.
ASM008,SRC008,record inDrive stated 8% commission policy,company_reported_via_press,comparable_with_caveat,usable_as_platform_stated_only,Documents a company-stated implementation layer rather than universal realized deduction.
ASM009,SRC009,use BKT annual report as quantitative ATP/WTP evidence,official_report,context_only,not_used_for_quantitative_analysis,The annual report confirms the study existed but does not provide sufficient respondent methodology or metric definitions for quantitative use.
ASM010,SRC010,use Polling Institute 2022 driver income and service distributions,survey_report,comparable_with_caveat,usable_with_caveat,"Primary report content documents 810 drivers across 31 kabupaten/kota using multistage random sampling; daily income wording remains source-defined and national representativeness should not be overstated."
ASM012,SRC011,support logged-in-hours and work-related-cost definitions,research_report,comparable_with_caveat,usable_methodologically,Fairwork 2022 is useful for process and methodological cost/time concepts but its small purposive worker interviews are non-representative.
ASM013,SRC011,estimate national driver earnings distribution,research_report,not_comparable,not_eligible_for_population_estimate,Fairwork worker interviews are not designed to estimate population prevalence.
ASM014,SRC012,cross-check platform practices and fair-pay/work-cost treatment in 2025,research_report,comparable_with_caveat,usable_methodologically,Fairwork Indonesia 2025 is Jakarta-based and purposive; it supports process evidence rather than national prevalence.
ASM015,SRC013,use IDEAS 2025/2026 primary brief for aggregate driver economics,survey_policy_brief,comparable_with_caveat,usable_with_caveat,"Primary brief provides gross earnings, orders, distance, workdays, source-reported hours, deduction brackets and bonuses; locality count is internally inconsistent and operating-cost bundle includes food/drink."
ASM016,SRC013,use IDEAS source-reported net income as project net operating earnings,survey_policy_brief,not_comparable,not_eligible,The source operating-cost bundle includes personal food/drink and therefore does not match the project operating-cost boundary.
ASM017,SRC013,use driver-reported deduction brackets,survey_policy_brief,comparable_with_caveat,usable_as_driver_reported_only,Deduction brackets are self-reported responses rather than matched transaction-level realized deductions.
ASM018,SRC015,inflation-adjust province-level nominal monetary observations from 2025,official_statistics,comparable_with_transformation,eligible,Official BPS CPI supports transparent real-value transformation when geography and period match.
ASM019,SRC016,inflation-adjust city-level nominal monetary observations from 2025,official_statistics,comparable_with_transformation,eligible,Official BPS city CPI is preferred where the observation city is covered.
ASM020,SRC017,use INDEF-PPPI survey as national population estimate of driver economics,survey_research,not_comparable,not_eligible_for_national_population_claim,Survey components use purposive sampling despite national geographic scope.
ASM021,SRC017,use INDEF-PPPI driver survey for sample-level ecosystem comparisons,survey_research,comparable_with_caveat,usable_with_caveat,Primary report supports sample-level perception and ecosystem analysis; purposive sampling and metric definitions constrain generalization.
ASM022,SRC017,use INDEF-PPPI CGE outputs as driver unit-economics observations,modelled_macro,not_comparable,not_eligible,CGE outputs are modelled ecosystem effects rather than driver-level observed earnings or costs.
ASM023,SRC018,use Litbang Kompas gross daily earnings distribution,secondary_survey_summary,comparable_with_caveat,secondary_only,Secondary reporting provides useful categories but final sample count and original sampling frame remain unresolved.
ASM024,SRC018,derive project net earnings by subtracting article-mentioned food and fuel costs,secondary_survey_summary,not_comparable,not_eligible,Food is outside the project operating-cost boundary and cannot be bundled into driver operating costs.
ASM025,SRC018,use reported daily/weekly working hours,secondary_survey_summary,comparable_with_caveat,definition_limited,Working hours are relevant but online versus productive-hour meaning is not established.
ASM026,SRC019,treat driver desired commission rate as observed realized deduction,survey_perception,not_comparable,not_eligible,Preference or perception does not measure actual transaction deductions.
ASM027,SRC019,use driver fairness perceptions as context,survey_perception,context_only,usable_with_sample_caveat,Useful for attitudes but not unit-economics measurement.
ASM028,SRC020,support association between driver characteristics/workload and income in Jabodetabek,academic_primary,comparable_with_caveat,usable_with_caveat,Local questionnaire study can support association analysis if source-defined variables are retained; no causal or national inference is warranted.
ASM029,SRC020,generalize Jabodetabek results nationally,academic_primary,not_comparable,not_eligible_for_national_claim,Local study cannot establish national population effects.
ASM030,ALL,combine sources into pooled earnings estimate,mixed,not_comparable,deferred,Current evidence spans normative rules surveys secondary summaries local studies and official indexes; pooling depends on metric-level compatibility.
ASM031,SRC021,corroborate IDEAS methodology and geographic coverage,author_linked_research_summary,context_only,usable_for_methodology_corroboration,Author-linked article corroborates purposive sampling and sample size but does not replace primary brief tables.
ASM032,SRC022,model or benchmark fuel cost for observations in July 2026,fuel_price_secondary_official_reproduction,comparable_with_transformation,usable_with_source_caveat,Product geography and effective date are sufficiently explicit for cautious modelling; Pertamax varies regionally.
ASM033,SRC022,apply one national Pertamax price to all July 2026 driver observations,fuel_price_secondary_official_reproduction,not_comparable,not_eligible,Regional Pertamax price variation makes a single national value inappropriate.
ASM034,SRC006,treat Perpres 27/2026 as an already published operative legal text as of 2026-08-27,official_status_update,not_comparable,not_eligible,Official August status reporting indicated the broader online-transport rule remained under finalization/harmonization and no operative text was verified by the retrieval date.
ASM035,SRC023,interpret Fairwork interview evidence as process/policy verification rather than population prevalence,research_methodology,context_only,usable,Fairwork methodology explicitly describes non-representative worker recruitment and small per-platform interview samples.
ASM036,SRC024,use ANTARA report as Polling Institute methodology corroboration,secondary_methodology_corroboration,context_only,usable,Contemporaneous reporting corroborates fieldwork period sample size geography sampling method and reported margin of error.
ASM037,SRC025,use INDEF-PPPI companion presentation for sample-level perceptions,research_presentation,comparable_with_caveat,usable_with_caveat,Presentation shares the purposive-sample limitations of the underlying study and does not establish realized deductions.
ASM038,SRC026,use Grab maximum 8% statement as platform-stated implementation evidence,company_reported,comparable_with_caveat,usable_as_platform_stated_only,Company statement documents the platform-stated layer rather than transaction-level realized deduction.
ASM039,SRC026,use GrabBike Hemat processing timing as deduction-rate evidence,company_reported,not_comparable,not_eligible,Processing timing and deduction rate are analytically distinct.
ASM040,SRC027,separate GoSend customer application fee from driver travel fare,company_document,comparable_with_caveat,usable_with_service_scope,The fee definition is useful within GoSend but cannot automatically be generalized to other Gojek services.
ASM041,SRC020,use average expenditure as project operating cost,academic_primary,not_comparable,not_eligible,The expenditure definition is too broad without component decomposition.
ASM042,SRC028,use KP 564/2022 as historical regulatory reference,normative_legal,directly_comparable,usable_with_period_binding,JDIH verifies the historical instrument; it lists regulated cost components and a 20% application-use fee ceiling but was later amended and revoked.
ASM043,SRC029,use IDEAS 2023 aggregate driver economics,survey_policy_brief,comparable_with_caveat,usable_with_caveat,Jabodetabek purposive sample supports local descriptive evidence; retrospective historical values are not independent survey waves.
ASM044,SRC030,use IDEAS 2020 aggregate driver economics,survey_policy_brief,comparable_with_caveat,usable_with_caveat,Jabodetabek purposive sample supports historical local descriptive evidence; metric denominators must remain source-specific.
ASM045,"SRC030;SRC029;SRC013",treat IDEAS 2020 2023 and 2025 as a directly comparable longitudinal series,mixed_survey_series,comparable_with_caveat,not_directly_comparable,Sample coverage recruitment and some definitions differ across the three briefs; any cross-period comparison requires metric-level audit and explicit caveats.
